m_id,e_id,role
1,112,Lead Mechanic
1,105,Mechanic
2,110,Lead Mechanic
3,112,Lead Mechanic
3,109,Mechanic
4,108,Lead Mechanic
4,107,Mechanic
5,108,Lead Mechanic
6,106,Lead Mechanic
7,112,Lead Mechanic
8,106,Lead Mechanic
9,110,Lead Mechanic
9,111,Mechanic
10,110,Lead Mechanic
11,110,Lead Mechanic
12,109,Lead Mechanic
13,110,Lead Mechanic
14,108,Lead Mechanic
15,107,Lead Mechanic
15,105,Mechanic
16,109,Lead Mechanic
16,112,Mechanic
17,112,Lead Mechanic
17,110,Mechanic
18,109,Lead Mechanic
19,111,Lead Mechanic
19,107,Mechanic
20,105,Lead Mechanic
21,108,Lead Mechanic
22,105,Lead Mechanic
23,108,Lead Mechanic
23,110,Mechanic
24,111,Lead Mechanic
24,108,Mechanic
25,109,Lead Mechanic
26,105,Lead Mechanic
27,109,Lead Mechanic
28,107,Lead Mechanic
28,111,Mechanic
29,107,Lead Mechanic
29,106,Mechanic
30,105,Lead Mechanic
30,111,Mechanic
31,108,Lead Mechanic
31,110,Mechanic
32,112,Lead Mechanic
33,111,Lead Mechanic
33,107,Mechanic
34,110,Lead Mechanic
35,105,Lead Mechanic
36,112,Lead Mechanic
37,110,Lead Mechanic
38,105,Lead Mechanic
38,112,Mechanic
39,107,Lead Mechanic
40,111,Lead Mechanic
41,108,Lead Mechanic
41,107,Mechanic
42,111,Lead Mechanic
42,107,Mechanic
43,105,Lead Mechanic
44,108,Lead Mechanic
45,105,Lead Mechanic
45,107,Mechanic
46,110,Lead Mechanic
46,107,Mechanic
47,109,Lead Mechanic
48,107,Lead Mechanic
48,105,Mechanic
49,107,Lead Mechanic
50,112,Lead Mechanic
51,107,Lead Mechanic
52,106,Lead Mechanic
53,105,Lead Mechanic
53,107,Mechanic
54,109,Lead Mechanic
55,107,Lead Mechanic
56,108,Lead Mechanic
57,112,Lead Mechanic
57,107,Mechanic
58,105,Lead Mechanic
59,107,Lead Mechanic
60,106,Lead Mechanic
60,107,Mechanic
61,111,Lead Mechanic
62,112,Lead Mechanic
62,106,Mechanic
63,110,Lead Mechanic
64,111,Lead Mechanic
64,107,Mechanic
65,107,Lead Mechanic
66,112,Lead Mechanic
66,111,Mechanic
67,110,Lead Mechanic
68,112,Lead Mechanic
69,105,Lead Mechanic
70,110,Lead Mechanic
71,109,Lead Mechanic
72,108,Lead Mechanic
73,112,Lead Mechanic
74,112,Lead Mechanic
74,111,Mechanic
75,110,Lead Mechanic
76,112,Lead Mechanic
77,109,Lead Mechanic
78,106,Lead Mechanic
78,110,Mechanic
79,112,Lead Mechanic
80,110,Lead Mechanic
80,105,Mechanic
81,105,Lead Mechanic
82,110,Lead Mechanic
82,112,Mechanic
83,107,Lead Mechanic
84,108,Lead Mechanic
85,105,Lead Mechanic
86,107,Lead Mechanic
86,105,Mechanic
87,107,Lead Mechanic
88,110,Lead Mechanic
89,106,Lead Mechanic
90,110,Lead Mechanic
91,110,Lead Mechanic
92,109,Lead Mechanic
93,108,Lead Mechanic
93,109,Mechanic
94,109,Lead Mechanic
95,111,Lead Mechanic
95,112,Mechanic
96,109,Lead Mechanic
96,111,Mechanic
97,109,Lead Mechanic
97,110,Mechanic
98,105,Lead Mechanic
99,107,Lead Mechanic
100,105,Lead Mechanic
101,107,Lead Mechanic
101,110,Mechanic
102,106,Lead Mechanic
103,112,Lead Mechanic
103,105,Mechanic
104,111,Lead Mechanic
105,106,Lead Mechanic
106,112,Lead Mechanic
106,105,Mechanic
107,111,Lead Mechanic
108,112,Lead Mechanic
109,106,Lead Mechanic
110,111,Lead Mechanic
111,109,Lead Mechanic
111,110,Mechanic
112,112,Lead Mechanic
112,108,Mechanic
113,106,Lead Mechanic
114,110,Lead Mechanic
115,112,Lead Mechanic
116,107,Lead Mechanic
117,106,Lead Mechanic
118,107,Lead Mechanic
119,112,Lead Mechanic
120,109,Lead Mechanic
121,110,Lead Mechanic
121,107,Mechanic
122,112,Lead Mechanic
123,109,Lead Mechanic
123,106,Mechanic
124,106,Lead Mechanic
124,107,Mechanic
125,106,Lead Mechanic
125,111,Mechanic
126,111,Lead Mechanic
127,106,Lead Mechanic
128,112,Lead Mechanic
129,106,Lead Mechanic
129,107,Mechanic
130,108,Lead Mechanic
131,107,Lead Mechanic
132,112,Lead Mechanic
133,106,Lead Mechanic
133,108,Mechanic
134,108,Lead Mechanic
135,112,Lead Mechanic
136,111,Lead Mechanic
137,106,Lead Mechanic
138,112,Lead Mechanic
139,110,Lead Mechanic
140,107,Lead Mechanic
141,108,Lead Mechanic
142,107,Lead Mechanic
143,110,Lead Mechanic
144,107,Lead Mechanic
145,107,Lead Mechanic
145,108,Mechanic
146,107,Lead Mechanic
147,106,Lead Mechanic
148,106,Lead Mechanic
149,110,Lead Mechanic
150,111,Lead Mechanic
151,107,Lead Mechanic
151,106,Mechanic
152,108,Lead Mechanic
153,111,Lead Mechanic
154,108,Lead Mechanic
155,107,Lead Mechanic
156,108,Lead Mechanic
156,111,Mechanic
157,105,Lead Mechanic
158,110,Lead Mechanic
159,107,Lead Mechanic
159,105,Mechanic
160,105,Lead Mechanic
161,105,Lead Mechanic
162,111,Lead Mechanic
163,109,Lead Mechanic
163,112,Mechanic
164,106,Lead Mechanic
165,110,Lead Mechanic
166,110,Lead Mechanic
167,107,Lead Mechanic
168,107,Lead Mechanic
169,111,Lead Mechanic
170,106,Lead Mechanic
171,112,Lead Mechanic
172,105,Lead Mechanic
173,109,Lead Mechanic
174,108,Lead Mechanic
175,106,Lead Mechanic
176,108,Lead Mechanic
176,112,Mechanic
177,108,Lead Mechanic
177,107,Mechanic
178,105,Lead Mechanic
179,106,Lead Mechanic
180,108,Lead Mechanic
181,110,Lead Mechanic
181,105,Mechanic
182,109,Lead Mechanic
183,110,Lead Mechanic
183,108,Mechanic
184,109,Lead Mechanic
185,106,Lead Mechanic
186,109,Lead Mechanic
186,110,Mechanic
187,111,Lead Mechanic
187,112,Mechanic
188,108,Lead Mechanic
189,107,Lead Mechanic
189,110,Mechanic
190,111,Lead Mechanic
191,107,Lead Mechanic
192,112,Lead Mechanic
192,111,Mechanic
193,112,Lead Mechanic
193,111,Mechanic
194,109,Lead Mechanic
194,110,Mechanic
195,109,Lead Mechanic
195,110,Mechanic
196,112,Lead Mechanic
197,109,Lead Mechanic
198,109,Lead Mechanic
199,110,Lead Mechanic
200,105,Lead Mechanic
201,105,Lead Mechanic
202,111,Lead Mechanic
202,105,Mechanic
203,108,Lead Mechanic
204,107,Lead Mechanic
204,109,Mechanic
205,110,Lead Mechanic
206,112,Lead Mechanic
207,105,Lead Mechanic
207,111,Mechanic
208,111,Lead Mechanic
209,107,Lead Mechanic
209,112,Mechanic
210,107,Lead Mechanic
211,110,Lead Mechanic
211,111,Mechanic
212,106,Lead Mechanic
212,111,Mechanic
213,106,Lead Mechanic
213,109,Mechanic
214,109,Lead Mechanic
215,108,Lead Mechanic
216,105,Lead Mechanic
217,106,Lead Mechanic
218,107,Lead Mechanic
218,111,Mechanic
219,109,Lead Mechanic
220,112,Lead Mechanic
220,107,Mechanic
221,111,Lead Mechanic
222,110,Lead Mechanic
222,112,Mechanic
223,110,Lead Mechanic
223,112,Mechanic
224,110,Lead Mechanic
225,105,Lead Mechanic
226,110,Lead Mechanic
227,108,Lead Mechanic
228,108,Lead Mechanic
229,105,Lead Mechanic
230,105,Lead Mechanic
231,112,Lead Mechanic
232,105,Lead Mechanic
233,105,Lead Mechanic
234,108,Lead Mechanic
234,105,Mechanic
235,112,Lead Mechanic
236,108,Lead Mechanic
237,105,Lead Mechanic
238,112,Lead Mechanic
239,112,Lead Mechanic
240,111,Lead Mechanic
241,112,Lead Mechanic
241,111,Mechanic
242,106,Lead Mechanic
243,109,Lead Mechanic
244,105,Lead Mechanic
245,106,Lead Mechanic
246,107,Lead Mechanic
246,110,Mechanic
247,111,Lead Mechanic
248,112,Lead Mechanic
249,106,Lead Mechanic
250,109,Lead Mechanic
251,108,Lead Mechanic
252,111,Lead Mechanic
253,109,Lead Mechanic
253,108,Mechanic
254,112,Lead Mechanic
255,106,Lead Mechanic
256,112,Lead Mechanic
256,109,Mechanic
257,108,Lead Mechanic
258,105,Lead Mechanic
259,112,Lead Mechanic
260,112,Lead Mechanic
261,105,Lead Mechanic
262,106,Lead Mechanic
263,106,Lead Mechanic
263,107,Mechanic
264,108,Lead Mechanic
265,106,Lead Mechanic
265,105,Mechanic
266,112,Lead Mechanic
267,106,Lead Mechanic
268,105,Lead Mechanic
269,112,Lead Mechanic
270,107,Lead Mechanic
270,106,Mechanic
271,106,Lead Mechanic
271,111,Mechanic
272,109,Lead Mechanic
272,105,Mechanic
273,108,Lead Mechanic
274,105,Lead Mechanic
274,111,Mechanic
275,105,Lead Mechanic
276,112,Lead Mechanic
277,105,Lead Mechanic
277,108,Mechanic
278,106,Lead Mechanic
278,112,Mechanic
279,107,Lead Mechanic
279,109,Mechanic
280,108,Lead Mechanic
281,106,Lead Mechanic
282,112,Lead Mechanic
282,109,Mechanic
283,107,Lead Mechanic
283,108,Mechanic
284,108,Lead Mechanic
285,110,Lead Mechanic
285,109,Mechanic
286,106,Lead Mechanic
287,112,Lead Mechanic
287,105,Mechanic
288,105,Lead Mechanic
288,111,Mechanic
289,106,Lead Mechanic
290,107,Lead Mechanic
291,105,Lead Mechanic
292,105,Lead Mechanic
293,105,Lead Mechanic
294,105,Lead Mechanic
295,107,Lead Mechanic
295,111,Mechanic
296,109,Lead Mechanic
297,105,Lead Mechanic
298,109,Lead Mechanic
299,110,Lead Mechanic
300,107,Lead Mechanic
301,110,Lead Mechanic
302,112,Lead Mechanic
303,108,Lead Mechanic
304,111,Lead Mechanic
305,109,Lead Mechanic
306,109,Lead Mechanic
306,110,Mechanic
307,105,Lead Mechanic
308,111,Lead Mechanic
309,108,Lead Mechanic
310,108,Lead Mechanic
311,107,Lead Mechanic
312,111,Lead Mechanic
313,108,Lead Mechanic
313,109,Mechanic
314,105,Lead Mechanic
315,111,Lead Mechanic
316,111,Lead Mechanic
316,107,Mechanic
317,109,Lead Mechanic
318,107,Lead Mechanic
319,108,Lead Mechanic
320,108,Lead Mechanic
321,112,Lead Mechanic
322,112,Lead Mechanic
323,112,Lead Mechanic
324,106,Lead Mechanic
325,106,Lead Mechanic
326,106,Lead Mechanic
327,106,Lead Mechanic
328,112,Lead Mechanic
329,108,Lead Mechanic
330,106,Lead Mechanic
331,108,Lead Mechanic
332,112,Lead Mechanic
333,107,Lead Mechanic
333,110,Mechanic
334,111,Lead Mechanic
335,107,Lead Mechanic
335,108,Mechanic
336,107,Lead Mechanic
336,111,Mechanic
337,108,Lead Mechanic
338,112,Lead Mechanic
339,108,Lead Mechanic
340,109,Lead Mechanic
341,110,Lead Mechanic
342,107,Lead Mechanic
343,107,Lead Mechanic
343,109,Mechanic
344,109,Lead Mechanic
345,107,Lead Mechanic
346,108,Lead Mechanic
347,107,Lead Mechanic
348,112,Lead Mechanic
348,105,Mechanic
349,109,Lead Mechanic
349,108,Mechanic
350,106,Lead Mechanic
350,107,Mechanic
351,106,Lead Mechanic
352,107,Lead Mechanic
353,108,Lead Mechanic
353,111,Mechanic
354,108,Lead Mechanic
355,108,Lead Mechanic
356,107,Lead Mechanic
357,110,Lead Mechanic
358,105,Lead Mechanic
358,112,Mechanic
359,111,Lead Mechanic
360,108,Lead Mechanic
361,105,Lead Mechanic
362,108,Lead Mechanic
363,105,Lead Mechanic
364,107,Lead Mechanic
364,105,Mechanic
365,112,Lead Mechanic
366,109,Lead Mechanic
367,110,Lead Mechanic
368,110,Lead Mechanic
369,110,Lead Mechanic
370,111,Lead Mechanic
371,109,Lead Mechanic
372,106,Lead Mechanic
373,109,Lead Mechanic
374,109,Lead Mechanic
375,110,Lead Mechanic
376,105,Lead Mechanic
377,106,Lead Mechanic
378,111,Lead Mechanic
379,112,Lead Mechanic
379,107,Mechanic
380,109,Lead Mechanic
381,111,Lead Mechanic
382,112,Lead Mechanic
383,106,Lead Mechanic
384,107,Lead Mechanic
384,106,Mechanic
385,110,Lead Mechanic
386,112,Lead Mechanic
386,109,Mechanic
387,111,Lead Mechanic
388,111,Lead Mechanic
389,110,Lead Mechanic
390,111,Lead Mechanic
390,109,Mechanic
391,110,Lead Mechanic
391,112,Mechanic
392,106,Lead Mechanic
393,105,Lead Mechanic
393,109,Mechanic
394,106,Lead Mechanic
395,110,Lead Mechanic
396,112,Lead Mechanic
397,105,Lead Mechanic
398,106,Lead Mechanic
399,106,Lead Mechanic
400,112,Lead Mechanic
401,106,Lead Mechanic
402,111,Lead Mechanic
403,110,Lead Mechanic
403,106,Mechanic
404,112,Lead Mechanic
405,107,Lead Mechanic
406,106,Lead Mechanic
407,106,Lead Mechanic
408,109,Lead Mechanic
409,105,Lead Mechanic
410,112,Lead Mechanic
411,107,Lead Mechanic
411,108,Mechanic
412,112,Lead Mechanic
412,111,Mechanic
413,109,Lead Mechanic
413,112,Mechanic
414,105,Lead Mechanic
414,109,Mechanic
415,108,Lead Mechanic
416,110,Lead Mechanic
417,108,Lead Mechanic
418,112,Lead Mechanic
419,105,Lead Mechanic
420,109,Lead Mechanic
421,105,Lead Mechanic
422,111,Lead Mechanic
423,108,Lead Mechanic
423,110,Mechanic
424,109,Lead Mechanic
425,106,Lead Mechanic
426,107,Lead Mechanic
427,110,Lead Mechanic
428,112,Lead Mechanic
429,106,Lead Mechanic
430,112,Lead Mechanic
430,111,Mechanic
431,109,Lead Mechanic
432,109,Lead Mechanic
433,112,Lead Mechanic
434,108,Lead Mechanic
434,112,Mechanic
435,112,Lead Mechanic
436,112,Lead Mechanic
436,105,Mechanic
437,106,Lead Mechanic
438,106,Lead Mechanic
439,107,Lead Mechanic
440,110,Lead Mechanic
441,109,Lead Mechanic
442,108,Lead Mechanic
443,112,Lead Mechanic
443,110,Mechanic
444,108,Lead Mechanic
445,105,Lead Mechanic
445,106,Mechanic
446,112,Lead Mechanic
447,112,Lead Mechanic
447,107,Mechanic
448,110,Lead Mechanic
449,111,Lead Mechanic
449,109,Mechanic
450,112,Lead Mechanic
451,112,Lead Mechanic
452,111,Lead Mechanic
453,108,Lead Mechanic
454,111,Lead Mechanic
455,109,Lead Mechanic
455,108,Mechanic
456,107,Lead Mechanic
457,110,Lead Mechanic
458,112,Lead Mechanic
459,107,Lead Mechanic
460,109,Lead Mechanic
461,107,Lead Mechanic
461,106,Mechanic
462,107,Lead Mechanic
463,107,Lead Mechanic
464,109,Lead Mechanic
465,112,Lead Mechanic
466,109,Lead Mechanic
467,112,Lead Mechanic
468,108,Lead Mechanic
468,111,Mechanic
469,105,Lead Mechanic
469,108,Mechanic
470,108,Lead Mechanic
470,109,Mechanic
471,106,Lead Mechanic
472,107,Lead Mechanic
472,112,Mechanic
473,108,Lead Mechanic
474,111,Lead Mechanic
475,111,Lead Mechanic
476,112,Lead Mechanic
477,109,Lead Mechanic
477,108,Mechanic
478,108,Lead Mechanic
479,110,Lead Mechanic
480,105,Lead Mechanic
480,110,Mechanic
481,108,Lead Mechanic
482,111,Lead Mechanic
483,109,Lead Mechanic
484,112,Lead Mechanic
485,110,Lead Mechanic
486,112,Lead Mechanic
487,111,Lead Mechanic
488,108,Lead Mechanic
489,105,Lead Mechanic
490,108,Lead Mechanic
491,109,Lead Mechanic
492,111,Lead Mechanic
493,112,Lead Mechanic
494,108,Lead Mechanic
494,109,Mechanic
495,111,Lead Mechanic
495,107,Mechanic
496,109,Lead Mechanic
497,106,Lead Mechanic
497,107,Mechanic
498,112,Lead Mechanic
499,108,Lead Mechanic
500,106,Lead Mechanic
500,107,Mechanic
501,110,Lead Mechanic
502,107,Lead Mechanic
502,108,Mechanic
503,107,Lead Mechanic
504,106,Lead Mechanic
505,109,Lead Mechanic
506,108,Lead Mechanic
506,112,Mechanic
507,110,Lead Mechanic
508,109,Lead Mechanic
509,107,Lead Mechanic
510,106,Lead Mechanic
511,105,Lead Mechanic
511,110,Mechanic
512,111,Lead Mechanic
513,107,Lead Mechanic
514,106,Lead Mechanic
514,109,Mechanic
515,105,Lead Mechanic
515,109,Mechanic
516,106,Lead Mechanic
516,110,Mechanic
517,106,Lead Mechanic
517,111,Mechanic
518,111,Lead Mechanic
518,105,Mechanic
519,107,Lead Mechanic
520,105,Lead Mechanic
521,112,Lead Mechanic
522,108,Lead Mechanic
522,112,Mechanic
523,105,Lead Mechanic
524,110,Lead Mechanic
524,106,Mechanic
525,109,Lead Mechanic
526,109,Lead Mechanic
527,107,Lead Mechanic
528,112,Lead Mechanic
529,105,Lead Mechanic
530,112,Lead Mechanic
531,109,Lead Mechanic
532,111,Lead Mechanic
533,112,Lead Mechanic
533,108,Mechanic
534,109,Lead Mechanic
535,109,Lead Mechanic
536,109,Lead Mechanic
537,105,Lead Mechanic
537,108,Mechanic
538,112,Lead Mechanic
539,112,Lead Mechanic
540,105,Lead Mechanic
540,112,Mechanic
541,109,Lead Mechanic
542,109,Lead Mechanic
543,106,Lead Mechanic
544,109,Lead Mechanic
545,110,Lead Mechanic
546,109,Lead Mechanic
547,107,Lead Mechanic
548,107,Lead Mechanic
548,106,Mechanic
549,109,Lead Mechanic
550,107,Lead Mechanic
551,111,Lead Mechanic
552,112,Lead Mechanic
552,108,Mechanic
553,105,Lead Mechanic
554,110,Lead Mechanic
555,108,Lead Mechanic
556,110,Lead Mechanic
556,111,Mechanic
557,105,Lead Mechanic
558,106,Lead Mechanic
559,107,Lead Mechanic
560,105,Lead Mechanic
561,106,Lead Mechanic
561,112,Mechanic
562,109,Lead Mechanic
563,111,Lead Mechanic
563,106,Mechanic
564,109,Lead Mechanic
565,105,Lead Mechanic
566,107,Lead Mechanic
567,111,Lead Mechanic
568,105,Lead Mechanic
568,107,Mechanic
569,111,Lead Mechanic
570,106,Lead Mechanic
570,107,Mechanic
571,110,Lead Mechanic
571,109,Mechanic
572,107,Lead Mechanic
573,106,Lead Mechanic
574,108,Lead Mechanic
575,111,Lead Mechanic
576,112,Lead Mechanic
577,111,Lead Mechanic
578,105,Lead Mechanic
579,109,Lead Mechanic
579,107,Mechanic
580,109,Lead Mechanic
581,112,Lead Mechanic
582,109,Lead Mechanic
582,110,Mechanic
583,111,Lead Mechanic
584,107,Lead Mechanic
584,109,Mechanic
585,108,Lead Mechanic
586,112,Lead Mechanic
587,106,Lead Mechanic
587,107,Mechanic
588,112,Lead Mechanic
588,111,Mechanic
589,110,Lead Mechanic
590,106,Lead Mechanic
590,110,Mechanic
591,110,Lead Mechanic
592,105,Lead Mechanic
592,106,Mechanic
593,111,Lead Mechanic
594,109,Lead Mechanic
595,109,Lead Mechanic
596,108,Lead Mechanic
597,108,Lead Mechanic
597,110,Mechanic
598,106,Lead Mechanic
598,111,Mechanic
599,112,Lead Mechanic
600,107,Lead Mechanic
601,105,Lead Mechanic
602,107,Lead Mechanic
603,110,Lead Mechanic
604,111,Lead Mechanic
605,109,Lead Mechanic
606,105,Lead Mechanic
606,107,Mechanic
607,110,Lead Mechanic
608,108,Lead Mechanic
609,108,Lead Mechanic
610,110,Lead Mechanic
611,105,Lead Mechanic
612,106,Lead Mechanic
612,110,Mechanic
613,112,Lead Mechanic
614,107,Lead Mechanic
615,107,Lead Mechanic
616,112,Lead Mechanic
617,105,Lead Mechanic
618,106,Lead Mechanic
618,105,Mechanic
619,110,Lead Mechanic
620,110,Lead Mechanic
620,111,Mechanic
621,110,Lead Mechanic
621,111,Mechanic
622,105,Lead Mechanic
623,110,Lead Mechanic
624,110,Lead Mechanic
625,111,Lead Mechanic
625,110,Mechanic
626,105,Lead Mechanic
627,112,Lead Mechanic
628,107,Lead Mechanic
629,110,Lead Mechanic
630,109,Lead Mechanic
631,111,Lead Mechanic
632,112,Lead Mechanic
633,111,Lead Mechanic
633,110,Mechanic
634,109,Lead Mechanic
635,106,Lead Mechanic
636,110,Lead Mechanic
637,111,Lead Mechanic
638,109,Lead Mechanic
638,111,Mechanic
639,109,Lead Mechanic
639,106,Mechanic
640,111,Lead Mechanic
641,108,Lead Mechanic
642,107,Lead Mechanic
643,106,Lead Mechanic
644,110,Lead Mechanic
645,110,Lead Mechanic
646,108,Lead Mechanic
646,106,Mechanic
647,112,Lead Mechanic
647,111,Mechanic
648,108,Lead Mechanic
649,105,Lead Mechanic
649,108,Mechanic
650,110,Lead Mechanic
651,110,Lead Mechanic
651,112,Mechanic
652,106,Lead Mechanic
653,105,Lead Mechanic
654,105,Lead Mechanic
655,106,Lead Mechanic
656,110,Lead Mechanic
656,106,Mechanic
657,108,Lead Mechanic
658,109,Lead Mechanic
658,105,Mechanic
659,111,Lead Mechanic
660,107,Lead Mechanic
661,112,Lead Mechanic
662,111,Lead Mechanic
663,112,Lead Mechanic
663,111,Mechanic
664,108,Lead Mechanic
665,111,Lead Mechanic
665,105,Mechanic
666,109,Lead Mechanic
667,105,Lead Mechanic
667,107,Mechanic
668,105,Lead Mechanic
669,107,Lead Mechanic
669,109,Mechanic
670,107,Lead Mechanic
671,111,Lead Mechanic
672,108,Lead Mechanic
673,107,Lead Mechanic
674,108,Lead Mechanic
675,108,Lead Mechanic
675,112,Mechanic
676,107,Lead Mechanic
676,105,Mechanic
677,110,Lead Mechanic
678,109,Lead Mechanic
679,108,Lead Mechanic
679,106,Mechanic
680,107,Lead Mechanic
681,105,Lead Mechanic
681,106,Mechanic
682,112,Lead Mechanic
682,105,Mechanic
683,106,Lead Mechanic
684,110,Lead Mechanic
685,111,Lead Mechanic
686,111,Lead Mechanic
686,106,Mechanic
687,111,Lead Mechanic
688,106,Lead Mechanic
689,111,Lead Mechanic
689,107,Mechanic
690,110,Lead Mechanic
690,112,Mechanic
691,110,Lead Mechanic
691,112,Mechanic
692,108,Lead Mechanic
693,110,Lead Mechanic
694,109,Lead Mechanic
695,112,Lead Mechanic
696,109,Lead Mechanic
697,112,Lead Mechanic
697,107,Mechanic
698,111,Lead Mechanic
699,110,Lead Mechanic
700,111,Lead Mechanic
700,112,Mechanic
701,112,Lead Mechanic
702,110,Lead Mechanic
703,107,Lead Mechanic
704,108,Lead Mechanic
705,106,Lead Mechanic
705,105,Mechanic
706,106,Lead Mechanic
707,112,Lead Mechanic
707,108,Mechanic
708,110,Lead Mechanic
709,112,Lead Mechanic
709,110,Mechanic
710,108,Lead Mechanic
711,109,Lead Mechanic
712,108,Lead Mechanic
713,109,Lead Mechanic
714,105,Lead Mechanic
715,105,Lead Mechanic
715,110,Mechanic
716,105,Lead Mechanic
717,112,Lead Mechanic
718,110,Lead Mechanic
719,108,Lead Mechanic
720,108,Lead Mechanic
720,106,Mechanic
721,111,Lead Mechanic
721,105,Mechanic
722,110,Lead Mechanic
723,111,Lead Mechanic
724,110,Lead Mechanic
725,106,Lead Mechanic
725,111,Mechanic
726,112,Lead Mechanic
727,110,Lead Mechanic
727,105,Mechanic
728,112,Lead Mechanic
729,109,Lead Mechanic
730,109,Lead Mechanic
731,110,Lead Mechanic
732,105,Lead Mechanic
733,107,Lead Mechanic
733,106,Mechanic
734,111,Lead Mechanic
735,109,Lead Mechanic
736,106,Lead Mechanic
736,107,Mechanic
737,112,Lead Mechanic
738,110,Lead Mechanic
739,107,Lead Mechanic
739,109,Mechanic
740,106,Lead Mechanic
741,105,Lead Mechanic
742,110,Lead Mechanic
742,108,Mechanic
743,105,Lead Mechanic
744,110,Lead Mechanic
745,112,Lead Mechanic
746,107,Lead Mechanic
747,105,Lead Mechanic
748,106,Lead Mechanic
748,111,Mechanic
749,112,Lead Mechanic
750,108,Lead Mechanic
751,106,Lead Mechanic
751,111,Mechanic
752,111,Lead Mechanic
753,111,Lead Mechanic
754,106,Lead Mechanic
755,106,Lead Mechanic
755,111,Mechanic
756,105,Lead Mechanic
757,105,Lead Mechanic
758,112,Lead Mechanic
759,112,Lead Mechanic
760,109,Lead Mechanic
761,107,Lead Mechanic
762,106,Lead Mechanic
762,112,Mechanic
763,110,Lead Mechanic
763,109,Mechanic
764,112,Lead Mechanic
764,110,Mechanic
765,110,Lead Mechanic
766,105,Lead Mechanic
767,112,Lead Mechanic
767,109,Mechanic
768,107,Lead Mechanic
769,111,Lead Mechanic
769,108,Mechanic
770,108,Lead Mechanic
771,107,Lead Mechanic
771,109,Mechanic
772,112,Lead Mechanic
773,109,Lead Mechanic
774,109,Lead Mechanic
775,109,Lead Mechanic
775,108,Mechanic
776,110,Lead Mechanic
776,105,Mechanic
777,110,Lead Mechanic
777,108,Mechanic
778,110,Lead Mechanic
778,112,Mechanic
779,107,Lead Mechanic
780,108,Lead Mechanic
780,109,Mechanic
781,105,Lead Mechanic
781,106,Mechanic
782,105,Lead Mechanic
783,106,Lead Mechanic
784,112,Lead Mechanic
784,108,Mechanic
785,107,Lead Mechanic
786,106,Lead Mechanic
787,110,Lead Mechanic
788,111,Lead Mechanic
789,107,Lead Mechanic
789,112,Mechanic
790,110,Lead Mechanic
791,106,Lead Mechanic
792,107,Lead Mechanic
793,106,Lead Mechanic
793,109,Mechanic
794,111,Lead Mechanic
795,109,Lead Mechanic
796,111,Lead Mechanic
797,110,Lead Mechanic
798,109,Lead Mechanic
799,111,Lead Mechanic
800,107,Lead Mechanic
801,109,Lead Mechanic
802,107,Lead Mechanic
803,109,Lead Mechanic
804,106,Lead Mechanic
804,110,Mechanic
805,112,Lead Mechanic
806,112,Lead Mechanic
807,109,Lead Mechanic
808,109,Lead Mechanic
808,105,Mechanic
809,111,Lead Mechanic
810,111,Lead Mechanic
810,107,Mechanic
811,110,Lead Mechanic
812,107,Lead Mechanic
813,107,Lead Mechanic
814,109,Lead Mechanic
815,112,Lead Mechanic
816,106,Lead Mechanic
817,105,Lead Mechanic
818,105,Lead Mechanic
819,106,Lead Mechanic
820,112,Lead Mechanic
820,111,Mechanic
821,110,Lead Mechanic
822,105,Lead Mechanic
823,110,Lead Mechanic
824,105,Lead Mechanic
825,112,Lead Mechanic
825,106,Mechanic
826,111,Lead Mechanic
827,111,Lead Mechanic
827,106,Mechanic
828,106,Lead Mechanic
829,109,Lead Mechanic
830,110,Lead Mechanic
831,107,Lead Mechanic
832,106,Lead Mechanic
833,110,Lead Mechanic
834,109,Lead Mechanic
835,110,Lead Mechanic
836,107,Lead Mechanic
837,108,Lead Mechanic
838,107,Lead Mechanic
839,108,Lead Mechanic
840,111,Lead Mechanic
841,109,Lead Mechanic
841,106,Mechanic
842,106,Lead Mechanic
842,108,Mechanic
843,108,Lead Mechanic
843,109,Mechanic
844,107,Lead Mechanic
844,109,Mechanic
845,106,Lead Mechanic
846,110,Lead Mechanic
847,109,Lead Mechanic
848,112,Lead Mechanic
848,110,Mechanic
849,112,Lead Mechanic
849,106,Mechanic
850,105,Lead Mechanic
851,106,Lead Mechanic
851,111,Mechanic
852,110,Lead Mechanic
852,108,Mechanic
853,111,Lead Mechanic
854,106,Lead Mechanic
855,109,Lead Mechanic
856,110,Lead Mechanic
856,108,Mechanic
857,108,Lead Mechanic
857,107,Mechanic
858,111,Lead Mechanic
859,105,Lead Mechanic
860,109,Lead Mechanic
860,111,Mechanic
861,112,Lead Mechanic
862,106,Lead Mechanic
863,106,Lead Mechanic
864,106,Lead Mechanic
865,105,Lead Mechanic
866,110,Lead Mechanic
867,110,Lead Mechanic
868,108,Lead Mechanic
868,112,Mechanic
869,105,Lead Mechanic
869,110,Mechanic
870,111,Lead Mechanic
870,106,Mechanic
871,110,Lead Mechanic
871,107,Mechanic
872,108,Lead Mechanic
873,105,Lead Mechanic
873,110,Mechanic
874,108,Lead Mechanic
874,105,Mechanic
875,109,Lead Mechanic
876,110,Lead Mechanic
877,112,Lead Mechanic
878,109,Lead Mechanic
878,106,Mechanic
879,108,Lead Mechanic
880,105,Lead Mechanic
881,110,Lead Mechanic
882,112,Lead Mechanic
883,107,Lead Mechanic
884,110,Lead Mechanic
885,108,Lead Mechanic
886,109,Lead Mechanic
886,108,Mechanic
887,110,Lead Mechanic
888,109,Lead Mechanic
889,106,Lead Mechanic
889,110,Mechanic
890,110,Lead Mechanic
891,110,Lead Mechanic
891,108,Mechanic
892,105,Lead Mechanic
893,107,Lead Mechanic
893,111,Mechanic
894,107,Lead Mechanic
895,105,Lead Mechanic
896,109,Lead Mechanic
897,110,Lead Mechanic
898,111,Lead Mechanic
899,111,Lead Mechanic
900,107,Lead Mechanic
901,106,Lead Mechanic
902,106,Lead Mechanic
902,107,Mechanic
903,105,Lead Mechanic
903,108,Mechanic
904,108,Lead Mechanic
905,111,Lead Mechanic
906,110,Lead Mechanic
907,105,Lead Mechanic
908,111,Lead Mechanic
909,105,Lead Mechanic
910,108,Lead Mechanic
910,112,Mechanic
911,110,Lead Mechanic
911,109,Mechanic
912,107,Lead Mechanic
912,110,Mechanic
913,108,Lead Mechanic
914,109,Lead Mechanic
915,112,Lead Mechanic
915,105,Mechanic
916,110,Lead Mechanic
917,106,Lead Mechanic
918,109,Lead Mechanic
918,106,Mechanic
919,109,Lead Mechanic
920,110,Lead Mechanic
921,105,Lead Mechanic
921,110,Mechanic
922,106,Lead Mechanic
923,107,Lead Mechanic
923,110,Mechanic
924,108,Lead Mechanic
924,111,Mechanic
925,107,Lead Mechanic
926,111,Lead Mechanic
